﻿<?xml version="1.0" encoding="UTF-8"?>
<root>
  <item name="BattleConfig" md5="2107c6ad37213ba63da3df486f278b02" />
  <item name="DisOrderModeExtra" md5="84cc2365af9f70b56ccf74841dd88c09" />
  <item name="Document" md5="1e70b9a2917c429c26d2925993f3e15a" />
  <item name="EquipModeExtra" md5="027d1959b10ceba9252aed5764479267" />
  <item name="GuideModeExtra" md5="77b4c95722a8f3d6e3c14f10b27813f6" />
  <item name="LoadRes_Preload" md5="26a9a8d4f64472e93291846c08351add" />
  <item name="SingleSurvivalModeExtra" md5="6532bc3be091e13406ad905237715b79" />
  <version name="553.1" />
</root>